feature,importance
pressure_variance,0.25124167807800823
vibration_level,0.2040997135523481
hours_used_total,0.1761666135626472
days_since_maintenance,0.17500883869955816
temperature,0.07218951793694146
error_count_last_month,0.06593291469039804
age_years,0.05536072348009867
