feature,importance
days_since_maintenance,0.5902319091499613
avg_daily_usage,0.3080134784664037
total_usage_hours,0.0785241322572657
procedure_count,0.02323048012636943
