metric,value
accuracy,0.9986225895316805
precision,0.9986225895316805
recall,1.0
f1,0.9993108201240524
